pressure (torr),gas uptake (mmol/g)
23.5922,0.2745976492
39.4046,0.401982934
52.3464,0.4845558318
77.7175,0.6129520796
114.684,0.7507741863
153.755,0.8620874774
189.064,0.9426084991
227.343,1.015619349
265.818,1.0788370253
304.169,1.1341433092
342.432,1.1831656872
380.728,1.2272264919
418.817,1.2691003617
457.017,1.3060013562
495.075,1.3422637884
533.347,1.372914783
571.415,1.4020061031
609.405,1.43335217
647.588,1.4623756781
685.599,1.4914217902
723.67,1.521841094
757.904,1.5482707957
